order_id,customer_name,order_date,delivery_date,last_login,subscription_start
1001,Alice,2025-01-05,2025-01-08,2025-01-05 08:15:22,2024-06-15
1002,Bob,2025-01-12,2025-01-15,2025-01-12 14:30:45,2024-07-20
1003,Charlie,2025-02-03,2025-02-07,2025-02-03 09:12:10,2024-08-01
1004,Diana,2025-02-18,2025-02-21,2025-02-18 18:45:33,2024-09-10
1005,Ethan,2025-03-01,2025-03-05,2025-03-01 07:05:12,2024-10-05
1006,Faith,2025-03-15,2025-03-20,2025-03-15 12:55:41,2024-11-12
1007,George,2025-04-02,2025-04-06,2025-04-02 16:20:05,2024-12-01
1008,Hannah,2025-04-20,2025-04-24,2025-04-20 10:40:18,2025-01-15
1009,Ian,2025-05-10,2025-05-13,2025-05-10 20:10:55,2025-02-01
1010,Jane,2025-05-25,2025-05-29,2025-05-25 11:35:27,2025-03-10
1011,Kevin,2025-06-08,2025-06-11,2025-06-08 06:50:44,2025-04-05
1012,Lisa,2025-06-22,2025-06-26,2025-06-22 22:15:30,2025-05-01
1013,Kim,2025-13-31,2024-18-44,2024-27-98,2928-28-278